"Estimate","Adjusted SE","2.5 %","97.5 %"
"cond((Int))",-1.64070664560019,3.55915326165843,-8.61651885390897,5.33510556270859
"cond(stdAge)",1.50574586445948,1.98504944244621,-2.3848795502664,5.39637127918536
"cond(stdExp)",1.2434213488048,1.94542722093672,-2.56954593877502,5.05638863638462
"cond(stdSex)",-0.228101231144697,1.88619536367001,-3.92497621174435,3.46877374945495
"cond(stdExp:stdSex)",4.2891696976887,3.93407252608301,-3.42147076600252,11.9998101613799
"cond(stdAge:stdSex)",3.76804794042008,3.96054374903203,-3.99447516687794,11.5305710477181
