"Estimate","Adjusted SE","2.5 %","97.5 %"
"cond((Int))",0.288522701593662,0.708907825746219,-1.10091110522752,1.67795650841485
"cond(stdSex)",-1.60921417020663,1.56130170352859,-4.6693092781237,1.45088093771043
"cond(stdStatus)",-1.14752669856602,1.60377222069544,-4.29086249053491,1.99580909340287
"cond(stdSex:stdStatus)",-5.16729445949053,3.55061235327702,-12.1263667949765,1.79177787599545
