"Estimate","Adjusted SE","2.5 %","97.5 %"
"cond((Int))",-1.08207020243437,0.360519136620354,-1.78867472594774,-0.375465678921003
"cond(stdStatus)",-2.14405136745539,0.666692451652672,-3.45074456145934,-0.837358173451441
"cond(stdSex)",-0.0601860216504891,0.51133315868133,-1.062380596767,0.942008553466023
"cond(stdSex:stdStatus)",-0.698278918889557,1.09204736572117,-2.83865242511488,1.44209458733577
