"Estimate","Adjusted SE","2.5 %","97.5 %"
"cond((Int))",0.652558575388241,0.573118661276093,-0.470733359580712,1.77585051035719
"cond(stdSex)",-1.052129641254,1.15393854097248,-3.31380762193277,1.20954833942476
"cond(stdExp)",-0.403966220968749,1.15803213528284,-2.67366749906312,1.86573505712562
"cond(stdAge)",-0.195450660448194,1.16118590305804,-2.47133320979757,2.08043188890118
"cond(stdAge:stdSex)",1.23503493213691,2.34527881665056,-3.36162708220291,5.83169694647672
"cond(stdExp:stdSex)",0.714592454783273,2.3266636027481,-3.84558441074321,5.27476932030976
