"Estimate","Adjusted SE","2.5 %","97.5 %"
"cond((Int))",-0.19834342361034,0.652119884527882,-1.47647491088741,1.07978806366673
"cond(stdStatus)",-2.58804944836449,1.38874593253702,-5.30994145981354,0.13384256308455
"cond(stdSex)",-0.489202327422744,1.476504232901,-3.38309744692964,2.40469279208415
"cond(stdSex:stdStatus)",-2.9724155937399,3.16728136343379,-9.18017299497505,3.23534180749524
