"Estimate","Adjusted SE","2.5 %","97.5 %"
"cond((Int))",0.0832763186883405,0.0999157084023237,-0.11255487127002,0.279107508646701
"cond(stdStatus)",0.161576787710221,0.1479621724604,-0.128423741386466,0.451577316806909
"cond(stdSex)",0.0213486174135197,0.0874658401328578,-0.15008127912442,0.192778513951459
