"Estimate","Adjusted SE","2.5 %","97.5 %"
"cond((Int))",-0.343796370042602,2.61900719165891,-5.47695614094546,4.78936340086026
"cond(stdStatus)",4.69356385251645,2.10512721441752,0.567590329382971,8.81953737564992
"cond(stdSex)",-1.14170125925301,1.88883046297125,-4.84374093957877,2.56033842107276
"cond(stdSex:stdStatus)",2.0558933325351,3.90033211650068,-5.5886171435511,9.70040380862132
